[{
  "_id": {
    "$oid": "6229a95df14943c1c5a32793"
  },
  "user": {
    "$oid": "62299fffd579347dc21794bf"
  },
  "Favbook": {
    "Name": "Atomic habit",
    "Author": "abcd",
    "Category": "Self-Discipline",
    "Language": "English",
    "Description": "IT IS A GOOD BOOK"
  },
  "createdAt": {
    "$date": "2022-03-10T07:31:41.731Z"
  },
  "updatedAt": {
    "$date": "2022-03-10T07:31:41.731Z"
  },
  "__v": 0
},{
  "_id": {
    "$oid": "6229a95ff14943c1c5a32796"
  },
  "user": {
    "$oid": "62299fffd579347dc21794bf"
  },
  "Favbook": {
    "Name": "Chankya",
    "Author": "abcd",
    "Category": "Self-learning",
    "Language": "English",
    "Description": "a book with knowledge for wisodom"
  },
  "createdAt": {
    "$date": "2022-03-10T07:31:43.387Z"
  },
  "updatedAt": {
    "$date": "2022-03-10T07:31:43.387Z"
  },
  "__v": 0
},{
  "_id": {
    "$oid": "6229aaf06c9040908b08f106"
  },
  "user": {
    "$oid": "6229aade6c9040908b08f0fd"
  },
  "Favbook": {
    "Name": "Chankya",
    "Author": "abcd",
    "Category": "Self-learning",
    "Language": "English",
    "Description": "a book with knowledge for wisodom"
  },
  "createdAt": {
    "$date": "2022-03-10T07:38:24.621Z"
  },
  "updatedAt": {
    "$date": "2022-03-10T07:38:24.621Z"
  },
  "__v": 0
},{
  "_id": {
    "$oid": "6229ab486c9040908b08f11b"
  },
  "user": {
    "$oid": "62299b6e011237c995d72095"
  },
  "Favbook": {
    "Name": "Chankya",
    "Author": "abcd",
    "Category": "Self-learning",
    "Language": "English",
    "Description": "a book with knowledge for wisodom"
  },
  "createdAt": {
    "$date": "2022-03-10T07:39:52.630Z"
  },
  "updatedAt": {
    "$date": "2022-03-10T07:39:52.630Z"
  },
  "__v": 0
},{
  "_id": {
    "$oid": "6229b75a7e229cba11939ec2"
  },
  "user": {
    "$oid": "6229b6f77e229cba11939eb8"
  },
  "Favbook": {
    "Name": "Atomic habit",
    "Author": "abcd",
    "Category": "Self-Discipline",
    "Language": "English",
    "Description": "IT IS A GOOD BOOK"
  },
  "createdAt": {
    "$date": "2022-03-10T08:31:22.271Z"
  },
  "updatedAt": {
    "$date": "2022-03-10T08:31:22.271Z"
  },
  "__v": 0
},{
  "_id": {
    "$oid": "6229e7baddb812fec1ff2874"
  },
  "user": {
    "$oid": "6229e77addb812fec1ff2868"
  },
  "Favbook": {
    "Name": " hbit",
    "Author": "abcd",
    "Category": "Self-Discipline",
    "Language": "English",
    "Description": "IT IS A GOOD BOOK"
  },
  "createdAt": {
    "$date": "2022-03-10T11:57:46.861Z"
  },
  "updatedAt": {
    "$date": "2022-03-10T11:57:46.861Z"
  },
  "__v": 0
},{
  "_id": {
    "$oid": "6229f8e2cfb60d0d015265b2"
  },
  "user": {
    "$oid": "6229f0a2862a1e680815c1c5"
  },
  "Favbook": {
    "Name": "The commonwealth of cricket",
    "Author": "ramachandra guha",
    "Category": "Motivational",
    "Language": "English",
    "Description": "every cricket fan needs to know"
  },
  "createdAt": {
    "$date": "2022-03-10T13:10:58.596Z"
  },
  "updatedAt": {
    "$date": "2022-03-10T13:10:58.596Z"
  },
  "__v": 0
}]