[{
  "_id": {
    "$oid": "6229c79f04e4750470474744"
  },
  "reviews": [
    {
      "Name": "abcd",
      "Comments": "good book"
    }
  ],
  "Name": "Vahana MasterClass",
  "Author": "Alfredo Covelli",
  "Img": "/Images/img5.jpg",
  "Category": "Contemporary",
  "Language": "English",
  "Description": "contemporary story revolving around main characters"
},{
  "_id": {
    "$oid": "6229d0c504e4750470474746"
  },
  "reviews": [
    {
      "Name": "abcd",
      "Comments": "good book"
    }
  ],
  "Name": "Right Under our Nose",
  "Author": "abcd",
  "Img": "/Images/img5.jpg",
  "Category": "Self-Discipline",
  "Language": "English",
  "Description": "IT IS A GOOD BOOK"
},{
  "_id": {
    "$oid": "6229f7bccfb60d0d015265a4"
  },
  "Name": "atomic habits",
  "Author": "james clear",
  "Img": "https://picsum.photos/200",
  "Category": "sci-fi",
  "Language": "english",
  "Description": "the book that every human needs",
  "reviews": [],
  "createdAt": {
    "$date": "2022-03-10T13:06:04.071Z"
  },
  "updatedAt": {
    "$date": "2022-03-10T13:06:04.071Z"
  },
  "__v": 0
},{
  "_id": {
    "$oid": "6229f85fcfb60d0d015265a7"
  },
  "Name": "The commonwealth of cricket",
  "Author": "ramachandra guha",
  "Img": "https://picsum.photos/200",
  "Category": "Motivational",
  "Language": "English",
  "Description": "every cricket fan needs to know",
  "reviews": [],
  "createdAt": {
    "$date": "2022-03-10T13:08:47.949Z"
  },
  "updatedAt": {
    "$date": "2022-03-10T13:08:47.949Z"
  },
  "__v": 0
},{
  "_id": {
    "$oid": "6229fec6cfb60d0d015265d0"
  },
  "Name": "Unifinished",
  "Author": "Priyanka chopra jonas",
  "Img": "https://picsum.photos/200",
  "Category": "Sci-fi",
  "Language": "Hindi",
  "Description": "a book",
  "reviews": [],
  "createdAt": {
    "$date": "2022-03-10T13:36:06.359Z"
  },
  "updatedAt": {
    "$date": "2022-03-10T13:36:06.359Z"
  },
  "__v": 0
}]