[{
  "_id": {
    "$oid": "6229e6bc4f9570ac5cc24dc5"
  },
  "user": {
    "$oid": "62299b6e011237c995d72095"
  },
  "username": "Santhosh",
  "Name": " hbit",
  "Author": "abcd",
  "Img": "/Images/img4.jpg",
  "Category": "Self-Discipline",
  "Language": "English",
  "Description": "IT IS A GOOD BOOK",
  "createdAt": {
    "$date": "2022-03-10T11:53:32.166Z"
  },
  "updatedAt": {
    "$date": "2022-03-10T11:53:32.166Z"
  },
  "__v": 0
},{
  "_id": {
    "$oid": "6229f88bcfb60d0d015265ac"
  },
  "user": {
    "$oid": "6229f0a2862a1e680815c1c5"
  },
  "username": "er",
  "Name": "The commonwealth of cricket",
  "Author": "ramachandra guha",
  "Img": "https://picsum.photos/200",
  "Category": "Motivational",
  "Language": "English",
  "Description": "every cricket fan needs to know",
  "createdAt": {
    "$date": "2022-03-10T13:09:31.361Z"
  },
  "updatedAt": {
    "$date": "2022-03-10T13:09:31.361Z"
  },
  "__v": 0
},{
  "_id": {
    "$oid": "6229f8eecfb60d0d015265bc"
  },
  "user": {
    "$oid": "6229f0a2862a1e680815c1c5"
  },
  "username": "er",
  "Name": "Right Under our Nose",
  "Author": "abcd",
  "Img": "/Images/img5.jpg",
  "Category": "Self-Discipline",
  "Language": "English",
  "Description": "IT IS A GOOD BOOK",
  "createdAt": {
    "$date": "2022-03-10T13:11:10.971Z"
  },
  "updatedAt": {
    "$date": "2022-03-10T13:11:10.971Z"
  },
  "__v": 0
}]